player1,player1@gmail.com
player2,player2@gmail.com
player3,player3@gmail.com
player4,player4@gmail.com
player5,player5@gmail.com
player6,player6@gmail.com
player7,player7@gmail.com
player8,player8@gmail.com
player9,player9@gmail.com
player10,player10@gmail.com
player11,player11@gmail.com
player12,player12@gmail.com
player13,player13@gmail.com
player14,player14@gmail.com
player15,player15@gmail.com
player16,player16@gmail.com
player17,player17@gmail.com
player18,player18@gmail.com
player19,player19@gmail.com
player20,player20@gmail.com
player21,player21@gmail.com
player22,player22@gmail.com
player23,player23@gmail.com
player24,player24@gmail.com
player25,player25@gmail.com
player26,player26@gmail.com
player27,player27@gmail.com
player28,player28@gmail.com
player29,player29@gmail.com
player30,player30@gmail.com
player31,player31@gmail.com
player32,player32@gmail.com
player33,player33@gmail.com
player34,player34@gmail.com
player35,player35@gmail.com
player36,player36@gmail.com
player37,player37@gmail.com
player38,player38@gmail.com
player39,player39@gmail.com
player40,player40@gmail.com
player41,player41@gmail.com
player42,player42@gmail.com
player43,player43@gmail.com
player44,player44@gmail.com
player45,player45@gmail.com
player46,player46@gmail.com
player47,player47@gmail.com
player48,player48@gmail.com
player49,player49@gmail.com
player50,player50@gmail.com
player51,player51@gmail.com
player52,player52@gmail.com
player53,player53@gmail.com
player54,player54@gmail.com
player55,player55@gmail.com
player56,player56@gmail.com
player57,player57@gmail.com
player58,player58@gmail.com
player59,player59@gmail.com
player60,player60@gmail.com
player61,player61@gmail.com
player62,player62@gmail.com
player63,player63@gmail.com
player64,player64@gmail.com
player65,player65@gmail.com
player66,player66@gmail.com
player67,player67@gmail.com
player68,player68@gmail.com
player69,player69@gmail.com
player70,player70@gmail.com
player71,player71@gmail.com
player72,player72@gmail.com
player73,player73@gmail.com
player74,player74@gmail.com
player75,player75@gmail.com
player76,player76@gmail.com
player77,player77@gmail.com
player78,player78@gmail.com
player79,player79@gmail.com
player80,player80@gmail.com
player81,player81@gmail.com
player82,player82@gmail.com
player83,player83@gmail.com
player84,player84@gmail.com
player85,player85@gmail.com
player86,player86@gmail.com
player87,player87@gmail.com
player88,player88@gmail.com
player89,player89@gmail.com
player90,player90@gmail.com
player91,player91@gmail.com
player92,player92@gmail.com
player93,player93@gmail.com
player94,player94@gmail.com
player95,player95@gmail.com
player96,player96@gmail.com
player97,player97@gmail.com
player98,player98@gmail.com
player99,player99@gmail.com
player100,player100@gmail.com
player101,player101@gmail.com
player102,player102@gmail.com